{
  "clothes": [
    {
      "id": "1",
      "title": "Áo nỉ 2025",
      "quantity": 30,
      "imageUrl": "https://product.hstatic.net/200000690725/product/19334a78-6cbb-4bbb-abeb-31088b5578ff_ea4d8d95d7fe424297ad95179a26f18b_master.jpg",
      "category": "Áo"
    },
    {
      "id": "2",
      "title": "Quần nỉ 2025",
      "quantity": 45,
      "imageUrl": "https://product.hstatic.net/200000690725/product/1919f653-adbf-4171-9302-8e857c103d59_bce4a23d192f430e8be21361859e674f_master.jpg",
      "category": "Quần"
    },
    {
      "id": "f722",
      "title": "áo đẹp",
      "quantity": "1",
      "imageUrl": "ádasfdadf",
      "category": "áo"
    },
    {
      "id": "f75a",
      "title": "quần đẹp",
      "quantity": "2",
      "imageUrl": "ádasfdadf",
      "category": "quần"
    }
  ],
  "users": [
    {
      "email": "admin@gmail.com",
      "password": "$2a$10$0PGbJ7CqHLY0V7MYJs.6euXWbIB.TsBW/1CjE1B54eOLMfhI7a7eq",
      "name": "admin",
      "id": "1"
    },
    {
      "id": "dae0",
      "email": "nghia08112005@gmail.com",
      "password": "123456"
    },
    {
      "id": "5772",
      "email": "nghia08112005@gmail.com",
      "password": "123456"
    },
    {
      "id": "0180",
      "email": "nghia08112005@gmail.com",
      "password": "123456"
    }
  ]
}