{
  "books": [
    {
      "ten": "thắng",
      "nxb": "sds",
      "namxb": "3434",
      "gia": "2",
      "id": "1"
    },
    {
      "id": "00c0",
      "ten": "hoàn",
      "nxb": "502",
      "namxb": "2006",
      "gia": "1"
    },
    {
      "id": "d26d",
      "ten": "nghiadz",
      "nxb": "502",
      "namxb": "2005",
      "gia": "123459"
    },
    {
      "id": "2fe9",
      "ten": "bối",
      "nxb": "ngân ngan",
      "namxb": "2024",
      "gia": "1"
    },
    {
      "id": "08f5",
      "ten": "nga",
      "nxb": "nhà trọ",
      "namxb": "2005",
      "gia": "1"
    }
  ],
  "users": [
    {
      "email": "ngocnv@gmail.com",
      "password": "$2a$10$qkw8/igTb2auqfIllMvoGua8xbikm0cRQogeA.d2TiWy0jnjCHfPq",
      "id": "1"
    },
    {
      "email": "ngocnv34@fpt.edu.vn",
      "password": "$2a$10$NkcmGl6fj9m68x/cbmxYZObxnbIrnaMTgrWFezW5WFLVHys50HGCK",
      "id": "2"
    },
    {
      "id": "ac37",
      "username": "hoan1@gmail.com",
      "password": ""
    },
    {
      "id": "9629",
      "username": "",
      "password": "123456"
    },
    {
      "id": "4802",
      "username": "hoan1@gmail.com",
      "password": "123456"
    },
    {
      "id": "193e",
      "username": "nghia08092005@gmail.com",
      "password": "123456"
    },
    {
      "id": "858b",
      "username": "nghiakci01",
      "password": ""
    },
    {
      "id": "e070",
      "username": "nghia12005@gmail.com",
      "password": ""
    },
    {
      "id": "c69b",
      "username": "nghia08112005@gmail.com",
      "password": ""
    },
    {
      "id": "9d31",
      "username": "nghia08112005@gmail.com",
      "password": ""
    },
    {
      "id": "e9c3",
      "username": "nghia08112005@gmail.com",
      "password": "123456"
    },
    {
      "id": "42ea",
      "username": "nghiakci01",
      "password": "12"
    },
    {
      "id": "3d30",
      "username": "hoan1@gmail.com",
      "password": "12345"
    },
    {
      "id": "abbf",
      "username": "hoan1@gmail.com",
      "password": "123456"
    },
    {
      "id": "ac24",
      "username": "nghia08112005@gmail.com",
      "password": "123"
    },
    {
      "id": "ff81",
      "username": "nghia08112005@gmail.com",
      "password": "123456"
    },
    {
      "id": "a7c6",
      "username": "nghia08112005@gmail.com",
      "password": "123"
    },
    {
      "id": "4c62",
      "username": "nghia08112005@gmail.com",
      "password": "1234"
    },
    {
      "id": "17c6",
      "username": "nghia08112005@gmail.com",
      "password": "123456"
    }
  ]
}